<?xml version='1.0' encoding='UTF-8' ?>
<timeLogEntries>
  <time id="36" path="/Non Project/PSP Fundamentals &amp; Advanced/Program 3/Planning" start="@1605846148000" delta="42" interrupt="1" flag="A" />
  <time id="37" path="/Non Project/PSP Fundamentals &amp; Advanced/Program 3/Planning" start="@1606365068000" delta="36" flag="A" />
  <time id="38" path="/Non Project/PSP Fundamentals &amp; Advanced/Program 3/Planning" start="@1607218268000" delta="30" flag="A" />
  <time id="39" path="/Non Project/PSP Fundamentals &amp; Advanced/Program 3/Design" start="@1607229626000" delta="60" flag="A" />
  <time id="40" path="/Non Project/PSP Fundamentals &amp; Advanced/Program 3/Design" start="@1605847230000" delta="63" flag="A" />
  <time id="41" path="/Non Project/PSP Fundamentals &amp; Advanced/Program 3/Design" start="@1606322430000" delta="50" flag="A" />
  <time id="42" path="/Non Project/PSP Fundamentals &amp; Advanced/Program 3/Code" start="@1606599750000" delta="66" interrupt="1" flag="A" />
  <time id="43" path="/Non Project/PSP Fundamentals &amp; Advanced/Program 3/Code" start="@1606869752000" delta="127" interrupt="3" flag="A" />
  <time id="44" path="/Non Project/PSP Fundamentals &amp; Advanced/Program 3/Code" start="@1606966952000" delta="60" interrupt="1" flag="A" />
  <time id="45" path="/Non Project/PSP Fundamentals &amp; Advanced/Program 3/Code" start="@1607128953000" delta="62" interrupt="1" flag="A" />
  <time id="46" path="/Non Project/PSP Fundamentals &amp; Advanced/Program 3/Code" start="@1607222675000" delta="68" interrupt="1" flag="A" />
  <time id="47" path="/Non Project/PSP Fundamentals &amp; Advanced/Program 3/Test" start="@1607211959000" delta="60" interrupt="2" flag="A" />
  <time id="48" path="/Non Project/PSP Fundamentals &amp; Advanced/Program 3/Postmortem" start="@1607230003080" delta="15" flag="A" />
</timeLogEntries>
